study_hours,attendance,previous_marks,assignment_score,sleep_hours,extra_classes,final_marks
7.7,94,84,52,4.2,1,70.7
4.4,53,77,89,7.4,0,60.7
8.6,70,95,32,8.8,1,81.9
7.0,73,97,61,8.1,1,86.3
0.9,90,79,86,5.4,0,56.8
9.8,56,55,97,4.3,0,66.5
7.6,72,71,47,8.7,1,63.8
7.9,57,59,76,8.7,1,69.8
1.3,90,74,43,6.7,1,54.7
4.5,82,86,38,7.2,1,64.2
3.7,75,55,55,6.3,0,53.5
9.3,70,65,92,6.1,1,78.8
6.4,57,33,78,4.6,1,56.9
8.2,97,81,64,4.5,0,72.7
4.4,83,64,50,5.2,0,52.9
2.3,66,62,40,8.2,1,54.9
5.5,71,67,49,4.7,1,61.0
0.6,87,45,40,5.1,1,45.5
8.3,86,71,43,6.7,0,71.2
6.3,73,82,78,5.1,0,65.2
7.6,65,54,39,4.8,1,56.0
3.5,83,39,33,6.8,1,46.2
9.7,83,57,68,5.8,1,70.5
8.9,80,43,50,7.1,1,68.0
7.8,53,56,62,8.6,0,65.0
1.9,74,73,39,4.8,1,56.0
4.7,81,37,44,8.6,0,51.7
0.4,98,82,61,8.5,1,61.2
1.5,76,45,78,8.1,0,53.1
6.8,67,92,59,7.2,1,76.8
7.4,78,81,68,7.1,1,76.1
9.7,59,49,67,7.2,1,74.5
3.3,54,69,49,7.5,1,57.5
3.7,84,37,49,4.1,1,47.3
4.7,100,36,60,8.8,1,55.0
1.9,93,96,32,6.9,0,61.7
1.3,79,86,78,7.9,0,65.3
4.8,52,40,73,5.9,1,53.9
2.3,100,49,51,4.1,1,54.1
6.7,72,43,56,6.5,1,53.8
4.4,64,57,53,6.5,1,56.8
8.3,95,50,76,6.2,1,70.7
7.0,88,52,83,5.7,1,65.9
3.1,88,67,37,5.2,1,62.6
8.3,64,43,59,6.6,1,63.3
8.0,100,91,30,5.9,0,71.5
3.9,73,80,62,8.8,1,66.4
2.9,77,83,47,4.9,0,50.8
6.8,88,41,53,5.6,1,57.4
1.4,83,79,62,5.5,1,61.2
2.0,58,88,52,6.7,1,57.8
0.1,65,42,57,6.5,0,36.9
7.9,68,82,84,7.2,1,82.9
6.6,98,55,87,8.8,0,72.9
7.1,86,85,30,5.4,1,71.3
7.8,68,63,56,7.5,0,64.7
4.6,87,86,90,4.1,0,67.9
5.7,87,40,67,5.3,1,55.9
1.4,70,57,44,6.3,1,45.5
1.1,70,49,72,4.2,0,41.3
6.7,95,47,40,7.1,0,56.6
4.7,78,51,31,7.4,0,48.8
5.7,57,56,74,7.7,1,58.9
7.6,86,38,66,6.6,0,61.2
6.3,80,79,83,7.0,0,72.6
5.5,75,68,54,6.0,0,65.9
5.6,86,88,90,4.2,0,69.7
3.0,96,79,59,4.5,0,60.0
0.3,66,40,82,7.3,1,47.9
4.4,71,34,37,9.0,1,49.1
2.1,59,59,36,4.1,0,45.6
4.1,83,63,85,6.8,1,67.3
8.5,70,46,89,7.8,1,72.2
2.3,67,84,96,8.1,0,64.3
0.6,85,70,53,6.7,1,52.6
2.8,70,82,31,7.1,1,54.2
2.9,73,37,99,7.5,1,53.6
6.6,72,87,72,8.3,0,71.7
5.6,63,44,47,4.6,0,46.8
7.8,56,61,84,8.6,0,70.3
6.6,92,60,94,4.1,0,70.5
4.1,54,87,50,8.2,1,62.5
8.1,66,49,84,4.4,1,67.4
1.7,84,46,85,5.0,1,49.1
0.2,56,53,65,4.0,1,42.8
0.9,83,55,74,6.2,1,50.3
7.2,87,42,49,5.7,0,59.2
4.6,83,42,95,4.8,0,54.4
1.6,65,46,99,6.3,0,53.5
5.0,51,62,99,6.0,0,61.3
1.5,95,54,82,7.8,1,55.6
7.0,66,57,33,8.5,0,55.4
4.5,91,80,56,7.3,0,65.8
3.8,60,46,61,4.6,0,50.7
3.0,58,93,98,5.5,1,70.2
6.3,89,82,68,8.6,1,82.2
3.6,97,42,68,4.4,0,55.2
0.9,93,51,40,6.0,0,42.9
1.2,88,42,86,8.7,0,49.3
9.6,62,49,53,8.8,1,70.3
9.1,96,55,36,6.1,0,62.8
7.0,84,39,100,7.3,1,71.4
2.7,58,31,43,6.3,1,43.7
9.7,56,60,31,7.8,1,69.1
7.8,94,79,35,4.2,0,69.1
7.2,64,51,62,4.7,0,63.9
4.5,89,90,37,7.1,0,65.3
2.7,57,55,89,5.2,1,55.2
1.0,64,93,66,7.3,0,63.5
9.0,64,46,52,5.8,0,64.2
4.6,64,67,30,8.4,0,54.5
2.0,84,83,64,8.1,1,63.9
3.1,96,34,40,6.5,1,48.6
5.8,96,95,99,7.9,0,81.4
1.8,87,55,50,5.4,1,46.5
8.6,60,64,63,6.5,1,66.0
7.6,98,73,31,5.0,1,65.7
7.2,77,75,39,8.3,1,67.2
4.3,77,31,44,8.1,0,45.4
6.3,85,90,33,8.5,1,74.1
5.8,89,73,81,8.4,1,72.9
6.5,98,99,97,8.8,1,86.9
0.8,79,63,99,5.1,1,53.1
4.2,81,72,48,8.7,1,62.0
0.4,88,60,86,6.9,0,54.4
4.9,63,92,65,6.1,1,71.8
3.3,65,88,33,6.8,1,58.7
1.4,81,93,36,5.7,0,56.1
1.0,53,65,68,5.4,0,54.5
5.9,66,85,60,5.2,1,69.0
1.7,86,55,30,4.4,0,41.2
9.3,99,62,96,6.5,1,80.1
5.8,76,83,81,8.4,1,75.4
3.5,70,35,65,7.2,1,50.7
5.9,72,79,100,6.6,0,72.2
0.2,84,31,98,6.1,0,39.7
9.6,77,70,99,6.3,1,79.0
4.8,51,63,48,5.0,1,55.8
7.8,77,62,92,8.1,0,72.1
0.8,70,64,65,5.0,0,46.3
4.9,85,64,81,7.6,0,64.2
4.9,94,58,91,7.8,1,68.7
9.4,99,61,41,6.9,1,75.4
5.7,81,69,61,8.3,0,64.9
4.7,68,83,39,5.5,0,61.0
2.7,72,68,49,8.4,0,53.1
3.3,58,74,59,7.6,1,62.4
5.2,97,88,90,8.0,0,76.7
4.4,93,99,91,7.3,0,78.5
0.2,93,37,57,8.2,0,44.6
8.3,66,79,53,9.0,1,76.8
9.0,66,45,67,6.1,0,63.5
1.4,93,43,94,8.1,0,53.5
5.5,77,85,99,7.7,1,80.7
1.1,85,34,46,6.3,0,37.7
6.7,74,89,43,8.6,0,68.4
2.8,72,83,80,6.0,1,65.6
6.6,82,99,51,6.8,1,78.1
7.3,91,76,44,4.5,0,63.8
7.7,67,91,32,5.1,0,67.9
1.1,91,38,58,8.2,0,44.7
9.2,62,92,57,6.0,1,72.7
2.3,70,41,69,6.0,1,48.7
0.4,96,52,44,5.2,1,45.5
5.5,98,38,80,6.5,1,61.0
3.7,97,58,78,8.0,0,65.3
8.3,66,82,62,8.5,1,73.6
8.1,93,48,42,4.4,1,60.2
3.2,97,87,65,6.9,0,57.6
9.5,99,72,77,6.3,1,79.7
2.9,51,74,56,7.1,1,56.9
5.2,87,95,48,6.2,1,70.1
2.6,100,60,65,6.0,1,61.6
9.4,88,54,55,6.4,0,70.7
1.6,61,99,58,6.9,0,60.6
0.4,88,68,54,6.5,0,48.7
4.4,55,73,51,6.4,1,63.5
9.9,74,50,80,8.1,1,75.1
8.9,81,45,62,7.7,0,63.4
7.5,73,41,63,5.7,0,53.4
8.9,85,45,76,8.0,0,67.3
8.9,62,43,55,8.3,1,67.9
5.2,80,82,37,4.8,0,67.8
3.2,82,34,90,6.9,0,52.0
7.7,82,74,33,5.4,0,62.7
6.6,64,96,70,7.7,1,74.3
3.7,65,83,48,5.2,0,59.7
0.9,63,58,45,7.4,0,39.8
7.5,73,34,32,5.3,0,53.0
2.6,79,88,93,6.6,0,68.8
9.4,68,30,60,8.7,0,62.6
2.4,70,77,54,5.9,1,57.4
1.2,64,76,82,8.4,1,62.2
8.3,61,43,32,8.9,1,61.1
1.5,83,81,70,8.4,1,60.5
1.8,91,42,65,4.8,1,54.3
6.0,64,45,69,8.1,0,57.2
8.7,93,86,38,4.2,1,77.1
2.0,79,98,97,6.0,0,60.6
3.1,58,48,46,8.4,0,51.7
7.8,68,94,78,7.4,1,86.0
9.7,50,93,83,6.7,0,81.4
5.0,51,83,54,5.9,0,63.2
1.4,67,39,39,8.1,0,42.4
0.1,73,50,51,7.5,0,40.8
2.3,90,77,87,6.3,1,66.8
1.3,56,99,94,8.5,1,66.2
6.8,92,87,96,5.1,0,75.0
1.2,61,59,46,4.9,0,47.0
5.1,57,46,73,7.2,1,61.3
6.9,85,97,40,8.9,1,74.7
5.8,89,49,80,5.2,0,58.1
2.0,80,53,59,5.2,1,49.0
8.0,55,97,80,4.7,0,78.5
7.2,55,69,78,8.3,0,65.9
7.4,69,48,100,5.1,0,66.0
1.3,72,30,64,6.5,1,45.8
1.2,100,60,54,9.0,0,51.8
9.3,64,99,67,4.1,0,81.5
4.0,59,60,41,6.8,0,50.9
3.0,98,78,37,6.6,0,57.2
4.9,57,47,66,8.0,1,55.0
6.6,51,84,88,5.8,0,73.9
9.6,71,84,67,6.1,0,75.2
2.9,70,72,85,4.8,1,62.4
9.2,81,84,42,7.7,1,78.1
0.2,94,70,61,7.9,0,49.8
5.6,97,56,73,4.7,1,62.3
6.3,64,81,54,6.0,1,72.7
1.1,100,88,31,8.5,1,60.4
1.4,82,88,35,4.0,1,52.3
4.2,53,44,95,5.5,1,57.7
9.7,97,77,72,6.8,0,79.2
6.0,57,30,48,5.7,0,58.0
9.3,80,70,48,5.4,0,70.7
8.0,90,69,32,6.3,0,64.7
4.7,62,55,97,4.9,1,66.2
7.8,63,99,37,6.6,0,67.1
0.2,74,91,83,7.5,0,60.4
1.1,95,32,47,6.9,1,49.8
8.3,61,44,53,4.5,1,60.2
8.0,83,44,49,8.2,1,59.7
2.3,73,92,88,4.9,0,62.6
5.3,55,66,32,7.8,0,60.5
6.1,86,81,55,5.8,1,71.3
8.7,92,86,49,7.9,0,74.5
6.0,79,83,49,5.0,0,63.1
4.1,58,36,43,4.9,1,44.5
3.7,57,39,94,6.5,0,53.3
4.3,71,57,56,4.2,1,59.6
6.5,75,53,59,5.1,0,61.8
8.7,78,82,57,7.6,1,79.7
4.5,62,40,99,8.2,1,56.3
2.5,75,56,54,4.4,1,47.1
2.4,65,46,54,8.4,0,49.0
7.5,84,43,53,8.0,1,60.0
8.2,90,42,53,8.3,1,65.4
1.1,83,43,36,7.5,1,45.8
0.7,50,69,72,7.4,0,47.2
5.9,100,58,31,6.6,0,55.3
1.5,51,60,46,7.3,0,45.8
8.2,100,63,44,8.6,0,70.5
3.1,51,81,50,4.5,1,60.3
1.4,76,90,83,5.6,1,66.0
9.2,55,66,72,4.4,1,71.7
1.7,54,74,100,8.7,1,60.6
2.8,84,81,54,6.2,1,58.8
1.5,87,78,95,7.4,0,61.0
1.2,56,39,33,8.2,0,39.5
0.2,99,98,65,9.0,1,66.6
0.6,66,41,86,4.8,0,36.8
1.7,66,58,67,8.0,0,48.9
0.5,65,75,96,8.4,1,64.3
5.9,73,58,52,4.2,1,59.7
6.8,59,47,32,7.8,0,50.3
3.9,71,94,84,5.8,0,75.5
3.2,60,35,34,7.2,0,41.7
5.0,52,47,84,6.6,1,60.2
8.8,68,99,82,5.3,1,85.3
8.5,84,81,89,4.7,1,78.9
0.4,88,36,64,4.6,1,40.6
1.8,68,82,93,4.5,0,65.7
2.4,66,97,42,7.2,1,66.2
2.5,90,36,60,5.8,0,48.3
5.7,84,58,38,5.1,0,57.6
4.2,92,62,84,7.5,1,63.4
0.5,96,39,80,7.4,1,53.8
3.7,91,44,87,6.7,0,53.8
5.2,97,42,84,8.7,0,61.7
1.0,71,42,51,5.9,0,35.8
8.3,70,58,34,8.2,1,60.1
0.5,66,62,95,4.4,1,54.1
9.2,61,46,64,7.7,0,62.8
1.0,88,50,36,8.9,0,38.7
8.4,86,43,95,8.2,0,71.4
9.0,90,85,100,6.9,0,90.3
9.8,58,44,61,7.1,0,68.9
8.0,75,93,84,5.8,0,78.0
7.8,61,67,32,7.4,0,62.9
6.4,95,86,36,7.9,1,75.3
7.8,63,74,49,9.0,1,74.7
1.3,57,48,76,6.5,0,45.2
5.4,79,72,39,4.3,1,61.3
5.1,94,49,32,7.0,0,54.6
8.6,96,38,77,4.6,1,68.3
4.6,54,47,84,5.2,0,53.4
3.9,66,49,82,5.6,1,56.6
6.4,57,39,86,7.7,0,63.1
2.7,65,31,87,4.9,1,52.1
1.4,77,96,72,4.8,0,62.0
4.8,64,65,66,4.2,1,65.2
4.2,53,58,90,8.4,0,58.5
2.3,76,95,54,7.5,1,70.3
3.7,52,45,36,4.2,0,44.2
3.7,61,58,83,4.1,1,67.1
3.3,50,89,49,6.8,0,55.5
3.8,54,74,99,5.4,1,63.3
6.9,72,57,59,7.0,1,66.7
3.0,93,47,90,6.2,1,59.8
9.5,89,32,33,8.6,0,66.1
9.2,55,35,76,5.4,0,58.8
4.8,51,41,61,7.4,0,53.7
3.3,67,85,62,4.3,1,65.5
5.4,83,74,48,8.8,1,69.3
8.5,88,60,98,8.9,0,72.9
6.5,91,84,57,7.7,1,79.0
8.0,67,41,90,6.3,0,67.5
5.3,58,44,60,5.1,1,56.1
6.3,51,57,33,8.1,0,56.5
2.9,57,94,92,7.7,0,68.3
7.3,53,72,43,5.1,0,61.5
2.0,93,89,49,6.3,0,61.6
6.9,63,47,91,6.3,0,62.7
8.6,91,89,93,8.1,0,81.7
1.3,78,35,95,7.4,0,45.1
6.1,77,45,60,7.2,0,55.4
1.0,73,66,83,7.2,1,57.9
7.3,91,33,53,5.4,0,55.5
0.8,52,90,82,5.9,0,58.0
9.4,54,90,65,4.2,1,79.4
1.4,71,67,33,7.9,1,49.7
9.6,70,51,59,6.2,0,70.7
8.0,77,36,63,6.2,1,61.3
5.9,87,73,48,5.2,1,64.4
7.8,79,67,56,5.0,1,70.3
8.0,63,83,65,6.9,0,67.3
9.5,66,72,33,5.2,0,64.7
2.5,88,38,40,4.3,0,44.7
5.9,60,38,84,7.8,1,55.3
1.0,75,84,54,5.9,1,60.6
6.2,77,41,73,5.9,1,64.9
1.7,88,95,70,6.2,1,65.1
5.6,86,37,69,8.1,0,57.9
5.7,73,80,59,5.6,0,68.4
4.7,65,98,64,7.8,1,71.6
5.2,68,60,88,8.7,1,69.6
7.6,70,33,98,7.3,0,60.9
8.0,61,91,48,6.2,0,70.4
4.9,81,43,77,7.7,1,58.1
6.0,60,66,98,6.3,0,67.8
9.3,83,98,30,6.1,0,80.0
1.2,88,82,85,6.6,1,63.2
1.2,99,33,65,5.6,0,39.3
0.9,56,87,98,4.5,0,54.9
6.6,88,41,71,6.1,1,63.5
4.2,54,82,89,4.6,0,69.0
7.7,67,73,41,6.1,1,69.3
6.7,58,50,40,6.8,0,54.2
3.3,58,59,95,8.7,0,61.3
9.0,58,38,67,4.2,0,58.2
7.6,52,99,69,7.1,1,78.2
2.7,91,46,42,6.3,0,44.4
3.6,53,51,46,4.1,1,52.8
3.1,70,65,88,5.2,0,50.0
1.6,85,77,51,4.6,0,55.2
1.5,100,65,71,5.1,1,55.6
9.4,93,65,52,5.4,1,72.3
4.4,56,70,48,6.0,1,63.9
3.8,100,90,41,6.6,0,62.1
7.3,83,57,96,4.0,0,65.0
5.5,59,88,96,4.8,1,72.9
9.4,72,85,38,4.5,0,72.6
7.8,96,97,55,6.7,0,76.8
4.8,70,93,70,5.6,1,66.3
3.8,59,85,57,6.7,1,61.6
9.9,94,47,81,5.1,0,74.3
7.2,98,84,48,4.1,1,72.5
9.5,99,81,34,8.7,1,80.4
1.2,98,50,53,4.5,0,44.5
8.5,94,77,72,4.6,1,75.2
6.4,73,47,42,4.7,1,61.4
1.2,59,66,87,8.9,0,54.2
5.9,81,85,30,7.1,0,63.6
6.9,61,43,34,7.1,0,56.7
0.1,74,53,66,8.9,1,47.3
4.5,83,85,66,4.4,0,62.6
8.3,98,61,50,8.9,0,69.4
3.0,64,97,48,5.0,0,60.2
4.6,62,30,34,7.1,0,44.7
4.4,87,80,77,6.1,0,72.6
3.0,50,86,56,5.9,1,61.6
9.2,78,94,38,8.7,1,73.6
7.8,88,40,58,4.7,0,59.7
1.1,78,98,96,9.0,0,67.5
10.0,69,57,48,5.9,0,67.2
8.8,92,54,93,7.2,1,77.3
2.8,68,54,48,8.8,1,53.1
8.4,86,74,43,4.3,1,70.4
1.1,73,76,48,8.6,1,57.9
10.0,51,63,52,6.8,0,67.0
6.7,77,34,38,7.5,0,50.0
6.5,52,99,71,4.7,0,80.6
0.9,97,45,53,6.7,1,46.0
9.0,80,36,80,7.4,0,66.0
0.3,68,71,64,6.3,0,45.3
2.4,74,58,61,4.8,1,53.1
1.4,81,73,63,5.2,1,53.4
7.8,63,91,41,8.3,0,70.9
2.0,64,36,80,4.2,1,49.5
9.1,71,49,37,7.5,1,67.0
6.6,63,66,81,9.0,1,72.5
0.4,88,85,100,4.0,1,57.0
0.1,55,72,84,4.8,0,55.3
0.5,92,56,62,7.4,1,48.4
6.1,67,72,52,4.3,1,68.2
8.0,78,98,91,6.9,1,88.8
2.4,58,63,48,7.4,1,55.0
8.5,69,91,64,6.9,1,77.4
0.6,88,84,84,5.8,1,62.4
8.0,63,51,95,7.5,1,69.9
9.3,56,47,95,7.0,1,72.3
7.7,76,83,36,5.0,1,69.4
7.0,58,44,93,6.8,0,56.1
8.4,66,53,38,8.4,1,68.6
0.4,72,46,71,7.3,0,44.7
2.0,78,72,96,6.4,1,61.7
1.2,82,50,76,5.6,1,49.5
5.0,84,76,97,4.4,1,71.7
7.5,93,95,54,5.2,1,75.2
6.3,53,88,52,4.1,0,57.6
8.5,68,96,53,8.9,0,79.0
1.6,50,31,55,5.1,1,41.2
7.3,50,61,78,8.1,1,68.7
1.9,60,45,62,4.8,1,42.9
2.7,80,94,82,5.4,1,68.9
7.1,95,79,59,6.1,1,69.5
9.8,89,52,51,5.6,0,64.2
6.1,82,69,43,8.0,0,61.3
0.5,89,72,69,8.8,1,60.6
6.2,58,64,93,8.4,1,69.4
0.4,92,63,90,4.8,1,54.1
8.8,95,33,47,7.9,1,70.2
7.1,54,61,63,4.7,1,64.7
1.7,73,54,80,8.6,1,56.8
0.9,92,87,73,6.6,1,62.0
1.8,74,90,34,5.7,0,52.9
9.8,92,82,71,4.8,1,75.2
4.6,97,32,32,4.1,1,50.6
7.8,74,88,38,5.2,0,70.5
6.4,53,57,76,8.6,1,65.3
5.7,67,59,37,8.0,1,59.8
1.5,60,96,54,8.8,1,64.9
9.5,74,90,71,4.5,0,73.6
3.0,79,33,76,7.0,1,49.9
5.8,73,55,61,5.3,0,54.3
7.0,59,82,36,6.7,1,73.4
6.5,65,67,86,5.6,1,72.0
9.4,84,48,97,5.4,1,67.6
1.5,51,66,93,6.9,1,53.0
5.1,60,90,83,4.9,0,67.7
4.0,95,45,58,6.3,1,54.6
4.7,55,82,92,7.3,1,67.0
1.2,71,81,64,4.6,0,59.4
1.3,60,91,39,8.7,0,56.3
2.8,55,50,90,6.5,0,53.9
3.0,71,45,52,8.1,1,49.8
4.3,76,68,96,7.3,1,70.6
6.1,58,67,56,7.6,1,64.0
6.3,53,58,91,7.6,1,66.8
4.1,56,84,68,8.4,0,66.1
4.1,83,85,63,7.1,1,63.7
2.2,93,47,51,5.4,0,51.7
5.9,59,85,89,4.5,0,69.5
3.2,66,46,34,7.0,0,49.3
0.4,67,58,63,4.3,0,40.6
4.2,68,31,56,5.2,1,45.4
4.7,62,53,68,4.3,1,52.9
2.3,52,97,48,6.7,1,62.7
5.7,76,60,77,4.8,0,61.4
5.7,68,79,57,7.1,0,64.0
7.0,67,37,43,8.0,0,51.7
6.5,63,74,43,8.1,1,63.4
6.5,97,56,79,5.5,0,65.0
3.2,81,82,48,6.7,0,58.2
7.9,71,94,51,6.8,1,75.4
5.5,60,67,74,6.4,1,70.0
4.3,90,37,53,7.3,1,53.9
6.3,95,63,57,5.1,0,66.6
3.6,51,38,47,8.9,1,47.0
5.1,97,61,54,4.5,0,59.1
7.4,85,34,79,8.1,1,64.9
8.9,55,74,67,7.0,0,66.9
9.2,88,51,100,5.2,1,79.6
5.0,55,44,84,7.7,1,59.1
5.2,52,31,31,4.4,1,46.8
8.0,55,92,56,7.9,0,72.1
3.1,73,88,50,6.9,0,60.4
8.4,81,86,71,4.6,1,75.5
4.9,70,34,48,4.4,1,52.8
1.2,56,54,98,7.8,0,53.2
0.7,60,97,51,5.5,0,56.1
8.4,93,70,67,8.4,0,78.4
0.6,99,38,38,7.8,0,44.8
2.8,88,39,94,7.5,0,56.4
3.3,55,48,94,5.4,0,48.4
1.7,91,98,86,7.5,0,66.1
3.1,85,41,54,8.7,0,46.6
7.4,76,93,34,4.5,1,73.8
0.1,57,77,80,5.6,0,52.2
8.3,100,94,60,5.2,0,74.0
8.6,72,87,100,6.0,0,80.2
3.7,52,53,79,7.7,1,53.4
1.5,60,87,68,6.4,0,57.3
6.0,70,41,100,6.9,0,56.2
1.2,53,50,86,5.6,0,48.4
3.6,66,44,62,4.7,0,48.9
9.6,73,39,31,5.3,0,63.7
10.0,98,36,36,8.3,0,66.5
7.7,54,43,61,7.0,1,60.4
3.1,79,38,69,5.9,0,50.8
6.9,96,56,32,7.9,0,57.2
7.1,91,34,38,4.3,1,52.2
3.9,97,34,80,5.3,1,55.9
6.4,58,99,83,5.2,1,70.7
0.1,90,36,32,8.9,0,37.7
2.1,99,35,66,7.5,0,45.0
5.3,66,32,35,7.1,0,47.1
1.6,75,39,81,4.0,1,44.1
1.7,77,66,89,4.9,0,56.3
8.4,75,87,91,7.2,1,83.5
9.9,64,81,72,5.9,1,84.4
5.6,99,70,74,8.6,1,72.0
8.4,98,35,95,7.8,0,66.0
9.9,69,84,73,6.2,1,81.3
1.4,91,32,61,7.7,0,40.0
4.5,70,74,83,8.9,1,70.1
3.9,90,58,71,6.3,1,62.9
0.8,79,91,89,7.2,1,73.2
7.6,73,51,67,8.6,0,62.8
4.3,56,74,91,5.2,1,64.6
4.7,83,60,33,8.4,0,54.3
1.5,66,66,32,4.5,0,45.1
1.8,61,95,37,7.2,0,58.0
9.1,59,79,69,7.9,1,78.4
0.4,100,59,80,7.1,1,59.1
2.3,55,61,45,6.5,0,45.9
2.9,90,79,41,7.1,1,64.2
4.9,94,54,91,4.8,1,65.9
5.9,51,41,83,5.1,0,54.7
4.9,80,62,76,5.3,1,62.6
0.8,79,34,64,7.0,1,52.0
2.4,68,41,59,6.2,0,42.7
8.4,84,59,31,5.2,0,62.8
6.4,70,85,43,8.4,1,68.7
6.5,72,84,93,5.9,0,78.9
6.7,72,48,54,6.2,1,63.3
7.6,90,59,80,6.0,0,66.7
0.6,82,40,79,4.9,0,45.0
3.7,69,82,51,7.7,0,61.9
5.4,97,47,44,6.2,1,56.6
3.4,90,85,79,4.1,1,69.2
8.4,97,88,36,8.8,1,79.7
4.8,87,78,65,8.1,0,67.5
7.7,69,53,93,7.6,1,71.5
8.5,89,96,80,8.3,1,88.2
5.0,66,78,84,8.5,0,68.8
9.1,63,75,35,5.7,1,70.7
5.9,73,89,44,7.1,0,65.5
8.5,99,91,49,7.0,1,85.9
3.4,78,35,50,5.3,1,44.4
5.0,69,91,43,5.1,0,64.5
5.3,73,83,99,4.6,0,68.9
1.0,64,44,41,7.3,1,48.8
4.0,83,51,80,7.9,0,55.8
9.2,67,82,71,7.8,0,75.5
6.3,78,45,73,5.6,0,55.7
1.8,68,61,45,5.0,1,50.3
3.4,66,78,51,6.3,0,53.3
1.9,99,75,73,6.7,0,58.4
0.2,67,93,51,8.6,1,52.3
9.3,53,37,79,8.4,0,65.2
4.5,69,50,32,8.6,1,52.4
3.1,77,98,35,8.3,1,61.6
6.0,54,69,81,8.8,1,72.5
0.1,65,47,73,6.3,0,39.2
2.8,58,50,33,4.2,1,47.3
7.0,75,53,93,4.4,1,65.1
6.3,86,68,30,6.0,0,65.1
9.8,99,49,97,5.3,0,76.2
6.2,69,73,81,4.8,0,63.2
4.8,94,61,100,8.8,0,64.9
7.6,60,72,97,5.0,0,73.0
9.0,89,40,52,8.8,0,63.4
7.2,78,73,83,7.8,0,72.4
9.6,88,94,44,7.2,0,83.6
7.8,88,39,63,7.4,0,59.6
8.7,77,52,47,5.7,1,66.1
1.1,63,78,64,7.2,0,57.1
7.3,76,73,91,4.9,0,73.7
4.4,92,77,60,8.7,0,64.8
5.5,99,69,36,5.5,0,59.4
6.5,97,77,53,5.3,0,62.1
9.7,59,72,85,7.6,0,73.9
9.8,80,35,67,7.3,1,69.3
2.9,55,82,69,6.3,1,61.6
7.3,84,61,60,7.2,1,69.4
7.5,100,33,50,4.8,1,62.1
3.5,52,58,72,7.4,1,54.0
1.2,83,60,74,5.4,0,50.1
0.4,98,36,93,5.4,1,49.5
7.8,93,99,73,4.8,1,80.1
4.9,70,45,100,5.7,1,65.7
9.9,55,53,88,5.7,1,75.8
4.6,97,60,35,6.3,0,56.6
9.8,96,88,57,5.0,1,87.4
4.1,79,82,57,5.0,1,59.8
7.9,99,83,30,6.7,0,70.7
0.8,50,46,42,4.6,0,37.8
5.6,81,89,84,7.4,1,74.1
8.0,51,88,55,8.7,0,73.7
9.2,97,62,40,6.1,0,65.1
8.2,84,68,50,8.5,0,71.9
0.4,96,32,49,4.5,1,43.2
3.7,78,83,42,4.2,0,58.3
0.5,54,97,37,7.6,0,48.3
1.1,51,63,84,7.8,0,49.2
6.8,67,67,88,8.2,0,71.7
7.1,87,64,65,4.3,1,67.8
7.7,57,35,73,7.9,1,54.2
8.7,93,73,95,5.9,1,84.8
7.4,62,80,89,5.5,1,76.0
8.0,75,94,32,4.9,1,70.9
0.5,60,95,97,9.0,0,66.3
2.3,73,64,34,4.3,1,47.6
6.2,73,97,31,8.1,0,67.5
8.6,50,67,58,7.2,1,71.6
0.0,78,74,82,7.7,1,63.3
5.1,90,72,35,7.6,0,66.1
6.8,97,99,50,8.3,1,81.0
0.3,66,81,48,4.9,1,53.1
4.0,94,38,58,4.0,0,50.9
9.0,94,35,100,7.0,1,68.6
6.7,100,58,53,5.8,0,64.8
2.4,69,66,44,4.6,0,46.7
8.5,93,76,38,4.9,0,69.9
3.5,78,63,44,5.7,0,52.1
8.5,52,66,39,4.4,1,66.0
3.0,63,94,70,4.3,1,65.2
5.9,84,53,59,8.6,1,54.7
4.0,58,64,65,5.6,1,58.9
2.7,72,69,89,8.9,1,65.9
8.9,89,62,71,8.8,0,74.7
1.9,57,97,41,4.7,0,55.1
0.8,75,97,56,7.6,1,67.5
3.4,60,65,52,7.0,1,57.7
7.2,77,61,88,7.5,0,71.0
8.1,62,71,51,4.5,1,71.0
10.0,99,42,39,4.9,0,64.3
3.0,53,59,82,4.4,0,49.5
4.1,99,45,60,7.0,0,47.3
1.4,90,40,36,8.9,0,41.5
5.7,93,36,78,7.4,0,60.7
10.0,93,71,44,7.6,1,76.7
7.0,59,30,91,8.9,1,64.5
6.0,97,75,89,7.4,1,76.4
3.9,80,60,56,4.2,0,57.2
9.2,99,55,69,8.3,1,74.9
5.0,94,83,70,5.8,1,72.5
1.3,79,67,76,4.0,0,53.2
3.7,69,81,34,6.5,0,61.6
0.7,55,79,53,8.7,0,46.8
2.0,55,32,42,5.3,1,38.3
0.2,69,45,79,6.5,1,49.8
4.5,91,69,34,4.9,1,63.7
6.3,75,98,66,4.3,1,75.6
3.4,74,40,81,4.4,1,51.6
4.2,62,37,97,7.6,0,57.2
9.6,78,95,50,8.3,1,86.4
7.5,82,97,30,4.7,0,69.2
5.4,100,41,81,5.4,1,62.3
2.8,87,58,30,5.0,1,54.1
9.0,80,73,34,4.1,1,75.3
2.4,96,43,100,6.8,0,57.5
3.3,71,52,91,7.5,1,60.2
9.1,97,57,80,7.2,1,76.6
5.3,68,74,89,5.9,1,71.2
7.4,56,51,35,6.8,1,59.1
5.9,71,58,36,4.5,0,54.7
6.5,56,50,51,4.8,0,51.1
3.0,56,83,31,8.7,0,59.5
2.4,94,40,93,7.8,1,53.7
3.2,90,46,33,8.6,0,47.5
1.6,61,47,68,8.6,1,50.7
8.7,92,93,90,7.2,0,90.5
2.8,53,96,82,8.6,1,68.1
5.6,64,65,46,6.1,0,55.9
7.9,86,40,63,4.0,1,60.1
7.8,65,82,68,4.3,0,75.1
4.4,87,64,84,4.5,0,52.6
4.8,94,89,60,4.5,1,66.6
9.9,53,55,50,5.8,0,73.0
6.7,51,99,86,7.5,0,78.7
8.1,97,86,92,8.0,0,79.2
9.0,76,45,64,7.0,1,68.1
7.9,75,80,31,4.7,0,65.8
1.9,73,50,65,7.7,0,52.0
5.6,72,54,93,5.8,1,70.7
1.0,85,47,100,4.1,1,53.4
6.5,79,77,58,5.4,0,64.7
9.6,58,48,40,5.7,0,63.3
5.1,81,74,70,5.4,0,61.9
4.3,84,70,88,8.1,0,63.2
0.4,55,82,97,7.8,1,56.2
9.6,69,99,33,7.5,0,73.4
1.0,90,30,50,4.7,1,38.0
0.4,81,99,63,8.0,1,60.7
2.5,56,37,36,7.4,0,41.7
0.7,52,66,92,5.0,0,47.0
4.6,79,53,37,7.2,0,43.6
5.2,73,74,77,6.4,1,65.3
3.1,99,80,95,6.2,1,68.7
0.5,76,90,78,4.6,0,55.3
1.1,97,58,84,6.6,0,58.6
3.8,60,95,48,4.5,1,61.9
0.6,72,52,88,4.8,0,49.9
7.0,57,44,59,4.7,0,54.9
2.1,79,56,34,8.8,0,47.9
3.0,59,66,56,5.4,1,52.5
3.9,75,76,54,5.8,1,61.8
4.2,67,88,67,5.6,0,62.0
0.0,59,45,48,8.5,0,40.1
1.1,54,51,62,6.8,0,43.8
8.6,76,95,60,8.6,1,79.8
0.0,98,60,53,5.5,0,49.2
5.1,60,46,79,4.6,0,55.3
4.9,70,98,51,6.8,0,66.8
3.3,61,61,84,5.7,1,59.4
4.3,91,98,47,8.0,0,69.0
7.8,71,94,91,8.4,1,81.8
8.4,99,93,55,6.4,1,81.7
2.6,62,70,32,8.9,1,52.6
3.2,54,85,40,6.8,0,53.9
2.4,79,97,87,5.4,0,61.6
4.8,83,48,91,6.4,0,58.7
6.8,100,32,45,4.2,0,54.3
2.3,94,52,72,8.0,1,55.5
3.3,95,74,70,4.5,0,67.5
9.3,82,68,39,5.5,0,70.9
0.5,68,35,62,6.8,1,46.6
4.6,71,69,79,4.2,0,62.7
7.1,56,42,98,4.4,0,65.6
1.5,71,65,90,7.5,1,57.0
0.5,68,70,36,4.4,1,39.2
1.4,51,74,46,6.4,1,50.8
9.2,60,58,61,5.7,0,67.9
0.1,77,58,40,5.1,1,44.9
1.9,68,77,70,4.9,1,58.9
0.3,100,82,30,7.8,0,56.6
1.1,74,86,38,8.8,0,55.8
6.2,98,53,33,4.7,1,61.2
2.4,83,59,50,8.8,0,49.7
5.7,52,53,84,7.0,0,56.7
5.9,60,66,42,7.2,1,66.9
8.5,85,38,100,7.5,1,72.0
0.0,77,60,49,7.5,0,43.7
8.5,65,43,33,8.1,1,59.7
6.2,76,67,53,6.4,1,63.6
1.6,96,89,83,6.7,1,65.3
7.7,69,98,37,5.6,0,67.9
8.6,52,61,35,4.5,0,55.2
2.5,65,33,90,7.3,1,50.9
9.2,97,45,72,4.2,0,64.4
4.5,88,37,54,5.4,1,56.0
6.0,92,83,83,4.5,1,74.9
9.8,96,98,89,5.0,0,87.6
3.6,55,68,55,7.2,1,56.1
8.1,64,42,69,7.1,1,64.3
3.2,53,31,30,6.1,1,42.3
8.0,50,98,51,4.5,1,76.7
6.0,92,52,72,6.2,1,64.5
2.2,97,37,43,5.8,1,49.8
4.1,57,42,100,7.6,1,59.2
3.2,86,47,98,6.9,1,62.7
0.8,77,75,48,6.5,0,49.4
0.3,53,92,58,6.4,0,48.3
3.5,96,49,43,8.8,0,53.3
0.2,94,78,65,7.8,1,61.0
1.7,78,34,38,6.5,0,41.2
7.3,86,30,57,6.4,1,60.1
7.1,70,33,69,4.1,0,53.1
7.4,90,94,73,8.7,0,77.2
3.2,72,70,72,5.6,0,59.3
8.9,100,86,45,5.3,1,79.4
5.9,53,31,86,9.0,1,56.6
1.3,58,31,79,7.6,1,49.1
1.4,99,89,83,4.2,1,62.1
6.9,64,37,63,4.3,0,51.7
1.7,65,40,93,4.1,1,53.7
5.1,90,66,57,7.0,0,64.7
9.9,59,72,87,4.4,0,73.6
0.0,76,46,44,8.7,1,44.9
0.2,64,61,47,8.7,1,48.7
9.9,60,77,67,6.7,0,67.4
5.8,99,60,69,7.1,1,65.1
1.3,60,56,82,5.5,0,48.7
9.0,54,35,51,4.3,1,57.3
8.8,84,61,91,7.7,1,78.8
5.4,94,86,53,4.5,1,72.5
6.2,56,73,67,4.4,1,64.5
2.7,86,92,96,5.6,1,67.8
0.5,77,38,68,4.1,0,40.6
5.9,92,30,78,6.2,1,57.9
2.9,56,68,94,7.5,0,59.4
6.6,99,42,99,8.0,0,66.0
8.4,81,71,65,7.0,1,81.9
0.2,92,93,59,8.2,1,55.7
6.0,68,53,43,6.0,0,54.0
2.3,98,68,68,8.2,0,59.1
8.7,81,77,95,6.5,1,79.4
2.5,56,40,64,5.1,0,46.2
6.1,97,92,54,8.7,0,76.1
5.5,90,44,37,5.4,0,51.8
4.0,65,86,57,4.1,0,59.1
6.8,77,76,46,5.2,1,67.3
7.3,69,39,99,5.8,1,65.2
5.7,77,80,67,5.8,1,69.6
7.6,99,43,39,6.6,0,58.7
9.8,95,71,34,8.4,1,77.2
4.2,60,97,90,5.5,1,74.9
5.1,99,96,96,6.6,0,73.8
0.1,72,90,84,5.7,0,54.6
8.0,85,64,38,8.1,0,61.2
5.2,88,69,36,4.8,1,63.3
4.1,74,51,44,4.5,1,52.8
0.9,73,94,83,6.5,0,63.2
8.9,73,63,84,7.4,0,69.2
4.0,93,84,89,8.0,0,76.2
6.8,69,55,36,6.9,1,58.9
1.5,64,81,40,7.9,0,53.9
9.6,68,45,93,6.0,0,71.8
1.8,59,81,95,4.2,0,55.2
2.0,69,33,81,4.6,1,44.9
8.6,55,37,37,4.2,0,53.4
9.1,54,54,34,5.6,1,71.6
2.1,86,63,33,6.5,1,53.1
4.7,53,79,79,5.8,1,71.2
7.3,78,55,90,6.8,0,71.5
8.8,89,31,74,6.4,0,63.8
3.8,86,52,48,7.4,0,50.3
5.2,72,60,83,7.3,1,69.1
7.4,59,68,34,5.6,1,59.0
7.3,97,75,88,5.7,1,82.2
7.8,92,47,93,6.9,1,72.3
5.7,81,72,81,7.0,1,63.1
1.0,54,74,92,5.6,0,53.5
9.0,51,84,71,5.7,1,79.1
8.7,66,66,63,7.5,1,72.4
8.0,58,86,52,7.2,0,73.7
1.0,93,45,95,4.7,1,49.7
2.0,60,79,79,6.2,0,53.8
7.4,64,33,43,8.5,0,54.0
0.2,99,37,97,4.2,0,45.3
9.8,91,90,34,8.3,0,77.7
3.8,61,63,71,4.8,0,58.6
7.2,69,73,43,6.5,0,62.2
8.9,76,72,77,6.1,1,78.0
3.9,83,78,59,4.1,0,59.6
3.2,97,47,61,8.6,0,49.3
6.1,94,42,77,6.3,1,59.1
5.8,99,32,83,8.8,0,59.5
4.1,52,90,56,5.4,0,67.2
6.0,62,45,100,8.3,0,64.4
9.4,78,70,65,8.6,1,72.9
4.7,52,61,41,6.8,0,43.9
2.0,68,41,30,5.0,1,43.8
3.8,57,58,44,7.4,0,51.3
3.9,97,35,79,6.7,0,56.9
1.3,53,42,68,8.7,1,44.7
1.6,57,39,53,6.2,1,44.6
6.8,59,87,64,5.3,0,71.4
3.4,57,69,89,4.7,0,56.6
9.5,78,94,70,7.5,1,84.5
2.4,68,60,34,8.9,0,49.0
1.0,96,44,33,4.1,0,41.0
7.5,63,72,64,7.7,1,71.9
8.8,77,95,58,8.6,0,82.8
2.8,83,67,90,4.4,1,59.9
2.0,81,31,71,4.6,1,41.7
1.9,90,51,83,7.5,1,62.9
5.2,60,94,71,7.2,0,68.2
4.7,75,66,54,4.3,0,54.7
2.6,90,96,76,8.2,0,68.5
0.5,94,65,74,6.6,0,53.1
4.8,81,30,81,8.5,1,56.1
9.6,83,91,43,8.4,1,82.0
6.5,94,83,75,8.1,1,77.7
5.0,81,80,50,6.6,1,67.2
1.1,98,97,86,5.3,1,60.8
2.5,56,43,86,6.5,0,54.8
2.9,67,93,74,4.5,0,62.0
7.6,55,46,97,7.3,0,66.9
8.8,54,97,68,4.7,1,75.3
9.0,74,43,31,6.6,0,57.6
9.8,61,68,73,4.3,1,72.2
9.8,70,85,85,5.5,0,84.7
9.5,72,35,37,5.2,1,58.4
0.7,81,34,37,7.1,1,43.0
1.4,98,89,49,7.9,0,58.3
3.0,93,34,89,4.3,0,48.3
5.5,69,72,67,8.3,0,64.6
1.0,66,95,99,8.3,0,69.3
8.5,89,73,91,5.7,0,70.7
6.2,56,63,69,7.3,1,61.7
5.4,77,59,78,6.0,0,55.8
1.7,71,74,53,4.8,0,48.0
2.5,59,70,36,6.6,1,50.7
1.6,81,65,58,4.4,1,47.9
8.5,66,40,72,8.4,0,61.4
5.8,59,76,42,8.6,1,59.5
7.4,83,81,45,8.1,0,67.8
3.0,58,79,31,6.8,0,57.1
3.7,84,35,82,6.8,0,53.5
4.0,58,79,93,8.9,0,67.0
7.6,72,81,88,5.2,0,70.9
7.7,91,42,56,4.4,1,57.1
2.1,61,89,72,6.8,0,57.2
9.4,89,66,98,5.6,0,77.4
1.2,86,63,71,5.6,0,54.4
9.0,96,80,51,4.0,0,75.5
1.0,58,65,54,7.0,0,49.8
2.6,86,68,81,5.3,1,58.7
8.5,97,51,61,4.9,1,68.4
1.8,88,94,89,4.2,1,66.1
4.1,59,97,91,5.8,0,69.1
4.5,91,39,32,8.4,1,59.0
2.5,55,81,81,5.7,1,56.6
7.1,80,31,56,7.4,1,58.1
8.5,75,55,66,7.8,0,71.6
8.7,77,97,48,5.6,1,75.0
3.4,76,42,56,8.1,0,48.2
5.3,51,56,53,7.5,1,57.0
2.5,75,45,33,6.8,0,43.3
2.4,97,80,85,4.0,1,59.7
1.6,72,62,40,4.2,0,46.8
9.4,64,71,56,9.0,1,77.6
8.9,100,95,43,7.9,0,81.6
7.8,55,66,41,8.7,1,64.3
5.2,74,81,56,8.5,0,66.4
4.9,76,36,95,4.1,1,54.3
5.3,74,45,97,8.0,1,63.7
5.4,97,96,57,6.3,0,78.3
4.3,71,90,65,7.9,0,67.8
1.3,99,75,99,4.0,1,58.9
1.3,53,56,46,5.4,0,43.2
9.5,87,43,97,7.8,0,68.6
4.8,80,89,37,8.0,1,64.7
9.5,62,84,46,7.1,0,71.0
1.6,61,46,54,5.5,0,41.2
5.5,86,71,32,5.6,0,61.9
2.1,82,73,87,8.8,0,63.1
2.5,81,63,90,6.2,0,59.5
0.3,52,94,57,6.2,0,50.6
1.2,80,38,89,6.8,0,45.9
9.2,100,48,84,6.0,0,71.8
3.2,50,36,86,6.8,0,46.6
6.1,73,78,86,6.2,0,69.2
4.7,75,75,70,8.1,0,66.6
4.0,95,99,37,8.5,1,69.7
5.3,64,67,95,8.7,0,67.7
1.9,74,40,73,6.8,1,54.7
9.9,86,61,93,6.2,1,79.3
8.2,53,36,98,7.5,1,70.3
7.4,90,76,43,8.2,1,74.4
4.7,91,77,58,6.8,0,60.0
1.5,86,90,43,7.5,1,58.0
9.2,83,53,33,7.7,0,62.3
3.4,88,51,98,7.4,1,60.1
0.5,89,34,95,7.7,0,47.0
3.4,96,59,96,5.0,0,62.0
7.9,71,63,92,6.5,0,74.8
6.2,73,82,76,6.9,0,71.6
7.5,82,82,67,4.0,0,69.3
7.9,59,39,100,8.3,1,62.1
2.1,93,49,69,7.1,0,51.9
9.2,89,65,75,4.6,1,75.3
4.4,82,53,45,8.1,0,55.4
6.4,65,31,83,7.6,1,66.2
0.0,67,89,88,7.8,0,63.1
9.9,72,81,78,6.0,0,81.3
2.8,83,66,65,8.3,0,55.0
